Date,Country/Region,Confirmed,Recovered,Deaths
2020-01-22,India,0,0.0,0
2020-01-23,India,0,0.0,0
2020-01-24,India,0,0.0,0
2020-01-25,India,0,0.0,0
2020-01-26,India,0,0.0,0
2020-01-27,India,0,0.0,0
2020-01-28,India,0,0.0,0
2020-01-29,India,0,0.0,0
2020-01-30,India,1,0.0,0
2020-01-31,India,1,0.0,0
2020-02-01,India,1,0.0,0
2020-02-02,India,2,0.0,0
2020-02-03,India,3,0.0,0
2020-02-04,India,3,0.0,0
2020-02-05,India,3,0.0,0
2020-02-06,India,3,0.0,0
2020-02-07,India,3,0.0,0
2020-02-08,India,3,0.0,0
2020-02-09,India,3,0.0,0
2020-02-10,India,3,0.0,0
2020-02-11,India,3,0.0,0
2020-02-12,India,3,0.0,0
2020-02-13,India,3,0.0,0
2020-02-14,India,3,0.0,0
2020-02-15,India,3,0.0,0
2020-02-16,India,3,3.0,0
2020-02-17,India,3,3.0,0
2020-02-18,India,3,3.0,0
2020-02-19,India,3,3.0,0
2020-02-20,India,3,3.0,0
2020-02-21,India,3,3.0,0
2020-02-22,India,3,3.0,0
2020-02-23,India,3,3.0,0
2020-02-24,India,3,3.0,0
2020-02-25,India,3,3.0,0
2020-02-26,India,3,3.0,0
2020-02-27,India,3,3.0,0
2020-02-28,India,3,3.0,0
2020-02-29,India,3,3.0,0
2020-03-01,India,3,3.0,0
2020-03-02,India,5,3.0,0
2020-03-03,India,5,3.0,0
2020-03-04,India,28,3.0,0
2020-03-05,India,30,3.0,0
2020-03-06,India,31,3.0,0
2020-03-07,India,34,3.0,0
2020-03-08,India,39,3.0,0
2020-03-09,India,43,3.0,0
2020-03-10,India,56,4.0,0
2020-03-11,India,62,4.0,1
2020-03-12,India,73,4.0,1
2020-03-13,India,82,4.0,2
2020-03-14,India,102,4.0,2
2020-03-15,India,113,13.0,2
2020-03-16,India,119,13.0,2
2020-03-17,India,142,14.0,3
2020-03-18,India,156,14.0,3
2020-03-19,India,194,15.0,4
2020-03-20,India,244,20.0,5
2020-03-21,India,330,23.0,4
2020-03-22,India,396,27.0,7
2020-03-23,India,499,27.0,10
2020-03-24,India,536,40.0,10
2020-03-25,India,657,43.0,12
2020-03-26,India,727,45.0,20
2020-03-27,India,887,73.0,20
2020-03-28,India,987,84.0,24
2020-03-29,India,1024,95.0,27
2020-03-30,India,1251,102.0,32
2020-03-31,India,1397,123.0,35
2020-04-01,India,1998,148.0,58
2020-04-02,India,2543,191.0,72
2020-04-03,India,2567,192.0,72
2020-04-04,India,3082,229.0,86
2020-04-05,India,3588,229.0,99
2020-04-06,India,4778,375.0,136
2020-04-07,India,5311,421.0,150
2020-04-08,India,5916,506.0,178
2020-04-09,India,6725,620.0,226
2020-04-10,India,7598,774.0,246
2020-04-11,India,8446,969.0,288
2020-04-12,India,9205,1080.0,331
2020-04-13,India,10453,1181.0,358
2020-04-14,India,11487,1359.0,393
2020-04-15,India,12322,1432.0,405
2020-04-16,India,13430,1768.0,448
2020-04-17,India,14352,2041.0,486
2020-04-18,India,15722,2463.0,521
2020-04-19,India,17615,2854.0,559
2020-04-20,India,18539,3273.0,592
2020-04-21,India,20080,3975.0,645
2020-04-22,India,21370,4370.0,681
2020-04-23,India,23077,5012.0,721
2020-04-24,India,24530,5498.0,780
2020-04-25,India,26283,5939.0,825
2020-04-26,India,27890,6523.0,881
2020-04-27,India,29451,7137.0,939
2020-04-28,India,31324,7747.0,1008
2020-04-29,India,33062,8437.0,1079
2020-04-30,India,34863,9068.0,1154
2020-05-01,India,37257,10007.0,1223
2020-05-02,India,39699,10819.0,1323
2020-05-03,India,42505,11775.0,1391
2020-05-04,India,46437,12847.0,1566
2020-05-05,India,49400,14142.0,1693
2020-05-06,India,52987,15331.0,1785
2020-05-07,India,56351,16776.0,1889
2020-05-08,India,59695,17887.0,1985
2020-05-09,India,62808,19301.0,2101
2020-05-10,India,67161,20969.0,2212
2020-05-11,India,70768,22549.0,2294
2020-05-12,India,74292,24420.0,2415
2020-05-13,India,78055,26400.0,2551
2020-05-14,India,81997,27969.0,2649
2020-05-15,India,85784,30258.0,2753
2020-05-16,India,90648,34224.0,2871
2020-05-17,India,95698,36795.0,3025
2020-05-18,India,100328,39233.0,3156
2020-05-19,India,106475,42309.0,3302
2020-05-20,India,112028,45422.0,3434
2020-05-21,India,118226,48553.0,3584
2020-05-22,India,124794,51824.0,3726
2020-05-23,India,131423,54385.0,3868
2020-05-24,India,138536,57692.0,4024
2020-05-25,India,144950,60706.0,4172
2020-05-26,India,150793,64277.0,4344
2020-05-27,India,158086,67749.0,4534
2020-05-28,India,165386,70920.0,4711
2020-05-29,India,173491,82627.0,4980
2020-05-30,India,181827,86936.0,5185
2020-05-31,India,190609,91852.0,5408
2020-06-01,India,198370,95754.0,5608
2020-06-02,India,207191,100285.0,5829
2020-06-03,India,216824,104071.0,6088
2020-06-04,India,226713,108450.0,6363
2020-06-05,India,236184,113233.0,6649
2020-06-06,India,246622,118695.0,6946
2020-06-07,India,257486,123848.0,7207
2020-06-08,India,265928,129095.0,7473
2020-06-09,India,276146,134670.0,7750
2020-06-10,India,286605,135206.0,8102
2020-06-11,India,297535,147195.0,8498
2020-06-12,India,308993,154330.0,8884
2020-06-13,India,320922,162379.0,9195
2020-06-14,India,332424,169798.0,9520
2020-06-15,India,343091,180013.0,9900
2020-06-16,India,354065,186935.0,11903
2020-06-17,India,366946,194325.0,12237
2020-06-18,India,380532,204711.0,12573
2020-06-19,India,395048,213831.0,12948
2020-06-20,India,410451,227728.0,13254
2020-06-21,India,425282,237196.0,13699
2020-06-22,India,440215,248190.0,14011
2020-06-23,India,456183,258685.0,14476
2020-06-24,India,473105,271697.0,14894
2020-06-25,India,490401,285637.0,15301
2020-06-26,India,508953,295881.0,15685
2020-06-27,India,528859,309713.0,16095
2020-06-28,India,548318,321723.0,16475
2020-06-29,India,566840,334822.0,16893
2020-06-30,India,585481,347912.0,17400
2020-07-01,India,604641,359860.0,17834
2020-07-02,India,625544,379892.0,18213
2020-07-03,India,648315,394227.0,18655
2020-07-04,India,673165,409083.0,19268
2020-07-05,India,697413,424433.0,19693
2020-07-06,India,719664,439934.0,20159
2020-07-07,India,742417,456831.0,20642
2020-07-08,India,767296,476378.0,21129
2020-07-09,India,793802,495513.0,21604
2020-07-10,India,820916,515386.0,22123
2020-07-11,India,849522,534618.0,22673
2020-07-12,India,878254,553471.0,23174
2020-07-13,India,906752,571460.0,23727
2020-07-14,India,936181,592032.0,24309
2020-07-15,India,968857,612768.0,24914
2020-07-16,India,1003832,635757.0,25602
2020-07-17,India,1039084,653751.0,26273
2020-07-18,India,1077781,677423.0,26816
2020-07-19,India,1118206,700087.0,27497
2020-07-20,India,1155338,724578.0,28082
2020-07-21,India,1193078,753050.0,28732
2020-07-22,India,1238798,782607.0,29861
2020-07-23,India,1288108,817209.0,30601
2020-07-24,India,1337024,849432.0,31358
2020-07-25,India,1385635,885573.0,32060
2020-07-26,India,1435616,917568.0,32771
2020-07-27,India,1480073,951166.0,33408
2020-07-28,India,1531669,988029.0,34193
2020-07-29,India,1581963,1019735.0,34955
2020-07-30,India,1634746,1055348.0,35718
2020-07-31,India,1695988,1094374.0,36511
2020-08-01,India,1750723,1145629.0,37364
2020-08-02,India,1803695,1186203.0,38135
2020-08-03,India,1855745,1230509.0,38938
2020-08-04,India,1908254,1282215.0,39795
2020-08-05,India,1964536,1328336.0,40699
2020-08-06,India,2027074,1378105.0,41585
2020-08-07,India,2088611,1427005.0,42518
2020-08-08,India,2153010,1480884.0,43379
2020-08-09,India,2215074,1535743.0,44386
2020-08-10,India,2268675,1583489.0,45257
2020-08-11,India,2329638,1639599.0,46091
2020-08-12,India,2396637,1695982.0,47033
2020-08-13,India,2461190,1751555.0,48040
2020-08-14,India,2525922,1808936.0,49036
2020-08-15,India,2589952,1862258.0,49980
2020-08-16,India,2647663,1919842.0,50921
2020-08-17,India,2702681,1977671.0,51797
2020-08-18,India,2767253,2037816.0,52888
2020-08-19,India,2836925,2096664.0,53866
2020-08-20,India,2905825,2158946.0,54849
2020-08-21,India,2975701,2222577.0,55794
2020-08-22,India,3044940,2280566.0,56706
2020-08-23,India,3106348,2338035.0,57542
2020-08-24,India,3167323,2404585.0,58390
2020-08-25,India,3224547,2458339.0,59357
2020-08-26,India,3310234,2523771.0,60472
2020-08-27,India,3387500,2583948.0,61529
2020-08-28,India,3463972,2648998.0,62550
2020-08-29,India,3542733,2713933.0,63498
2020-08-30,India,3621245,2774801.0,64469
2020-08-31,India,3691166,2839882.0,65288
2020-09-01,India,3769523,2901908.0,66333
2020-09-02,India,3853406,2970492.0,67376
2020-09-03,India,3936747,3037151.0,68472
2020-09-04,India,4023179,3107223.0,69561
2020-09-05,India,4113811,3180865.0,70626
2020-09-06,India,4204613,3250429.0,71642
2020-09-07,India,4280422,3323950.0,72775
2020-09-08,India,4370128,3398844.0,73890
2020-09-09,India,4465863,3471783.0,75062
2020-09-10,India,4562414,3542663.0,76271
2020-09-11,India,4659984,3624196.0,77472
2020-09-12,India,4754356,3702595.0,78586
2020-09-13,India,4846427,3780107.0,79722
2020-09-14,India,4930236,3859399.0,80776
2020-09-15,India,5020359,3942360.0,82066
2020-09-16,India,5118253,4025079.0,83198
2020-09-17,India,5214677,4112551.0,84372
2020-09-18,India,5308014,4208431.0,85619
2020-09-19,India,5400619,4303043.0,86752
2020-09-20,India,5487580,4396399.0,87882
2020-09-21,India,5562663,4497867.0,88935
2020-09-22,India,5646010,4587613.0,90020
2020-09-23,India,5732518,4674987.0,91149
2020-09-24,India,5818570,4756164.0,92290
2020-09-25,India,5903932,4849584.0,93379
2020-09-26,India,5992532,4941627.0,94503
2020-09-27,India,6074702,5016520.0,95542
2020-09-28,India,6145291,5101397.0,96318
2020-09-29,India,6225763,5187825.0,97497
2020-09-30,India,6312584,5273201.0,98678
2020-10-01,India,6394068,5352078.0,99773
2020-10-02,India,6473544,5427706.0,100842
2020-10-03,India,6549373,5509966.0,101782
2020-10-04,India,6623815,5586703.0,102685
2020-10-05,India,6685082,5662490.0,103569
2020-10-06,India,6757131,5744693.0,104555
2020-10-07,India,6835655,5827704.0,105526
2020-10-08,India,6906151,5906069.0,106490
2020-10-09,India,6979423,5988822.0,107416
2020-10-10,India,7053806,6077976.0,108334
2020-10-11,India,7120538,6149535.0,109150
2020-10-12,India,7175880,6227295.0,109856
2020-10-13,India,7239389,6301927.0,110586
2020-10-14,India,7307097,6383441.0,111266
2020-10-15,India,7370468,6453779.0,112161
2020-10-16,India,7432680,6524595.0,112998
2020-10-17,India,7494551,6597209.0,114031
2020-10-18,India,7550273,6663608.0,114610
2020-10-19,India,7597063,6733328.0,115197
2020-10-20,India,7651107,6795103.0,115914
2020-10-21,India,7706946,6874518.0,116616
2020-10-22,India,7761312,6948497.0,117306
2020-10-23,India,7814682,7016046.0,117956
2020-10-24,India,7864811,7078123.0,118534
2020-10-25,India,7909959,7137228.0,119014
2020-10-26,India,7946429,7201070.0,119502
2020-10-27,India,7990322,7259509.0,120010
2020-10-28,India,8040203,7315989.0,120527
2020-10-29,India,8088851,7373375.0,121090
2020-10-30,India,8137119,7432829.0,121641
2020-10-31,India,8184082,7491513.0,122111
2020-11-01,India,8229313,7544798.0,122607
2020-11-02,India,8267623,7603121.0,123097
2020-11-03,India,8313876,7656478.0,123611
2020-11-04,India,8364086,7711809.0,124315
2020-11-05,India,8411724,7765966.0,124985
2020-11-06,India,8462080,7819886.0,125562
2020-11-07,India,8507754,7868968.0,126121
2020-11-08,India,8553657,7917373.0,126611
2020-11-09,India,8591730,7959406.0,127059
2020-11-10,India,8636011,8013783.0,127571
2020-11-11,India,8683916,8066501.0,128121
2020-11-12,India,8728795,8115580.0,128668
2020-11-13,India,8773479,8163572.0,129188
2020-11-14,India,8814579,8205728.0,129635
2020-11-15,India,8845127,8249579.0,130070
2020-11-16,India,8874290,8290370.0,130519
2020-11-17,India,8912907,8335109.0,130993
2020-11-18,India,8958483,8383602.0,131578
2020-11-19,India,9004365,8428409.0,132162
2020-11-20,India,9050597,8478124.0,132726
2020-11-21,India,9095806,8521617.0,133227
2020-11-22,India,9139865,8562641.0,133738
2020-11-23,India,9177840,8604955.0,134218
2020-11-24,India,9222216,8642771.0,134699
2020-11-25,India,9266705,8679138.0,135223
2020-11-26,India,9309787,8718517.0,135715
2020-11-27,India,9351109,8759969.0,136200
2020-11-28,India,9392919,8802267.0,136696
2020-11-29,India,9431691,8847600.0,137139
2020-11-30,India,9462809,8889585.0,137621
2020-12-01,India,9499413,8932647.0,138122
2020-12-02,India,9534964,8973373.0,138648
2020-12-03,India,9571559,9016289.0,139188
2020-12-04,India,9608211,9058822.0,139700
2020-12-05,India,9644222,9100792.0,140182
2020-12-06,India,9677203,9139901.0,140573
2020-12-07,India,9703770,9178946.0,140958
2020-12-08,India,9735850,9215581.0,141360
2020-12-09,India,9767371,9253306.0,141772
2020-12-10,India,9796744,9290809.0,142185
2020-12-11,India,9826775,9324328.0,142628
2020-12-12,India,9857029,9357464.0,143019
2020-12-13,India,9884100,9388159.0,143355
2020-12-14,India,9906165,9422636.0,143709
2020-12-15,India,9932547,9456449.0,144096
2020-12-16,India,9956557,9489740.0,144451
2020-12-17,India,9979447,9520827.0,144789
2020-12-18,India,10004599,9550712.0,145136
2020-12-19,India,10031223,9580402.0,145477
2020-12-20,India,10055560,9606111.0,145810
2020-12-21,India,10075116,9636487.0,146111
2020-12-22,India,10099066,9663382.0,146444
2020-12-23,India,10123778,9693173.0,146756
2020-12-24,India,10146845,9717834.0,147092
2020-12-25,India,10169118,9740108.0,147343
2020-12-26,India,10187850,9761538.0,147622
2020-12-27,India,10207871,9782669.0,147901
2020-12-28,India,10224303,9807569.0,148153
2020-12-29,India,10244852,9834141.0,148439
2020-12-30,India,10266674,9860280.0,148738
2020-12-31,India,10286709,9883461.0,148994
2021-01-01,India,10305788,9929568.0,149218
2021-01-02,India,10323965,9927310.0,149435
2021-01-03,India,10340469,9946867.0,149649
2021-01-04,India,10356844,9975958.0,149850
2021-01-05,India,10374932,9997272.0,150114
2021-01-06,India,10395278,10016859.0,150336
2021-01-07,India,10413417,10037398.0,150570
2021-01-08,India,10413417,10037398.0,150570
2021-01-09,India,10450284,10075950.0,150999
2021-01-10,India,10466595,10092909.0,151160
2021-01-11,India,10479179,10111294.0,151327
2021-01-12,India,10495147,10129111.0,151529
2021-01-13,India,10512093,10146763.0,151727
2021-01-14,India,10527683,10162738.0,151918
2021-01-15,India,10542841,10179715.0,152093
2021-01-16,India,10557985,10196885.0,152274
2021-01-17,India,10571773,10211342.0,152419
2021-01-18,India,10581823,10228753.0,152556
2021-01-19,India,10595639,10245741.0,152718
2021-01-20,India,10610883,10265706.0,152869
2021-01-21,India,10625428,10283702.0,153032
2021-01-22,India,10639684,10300838.0,153184
2021-01-23,India,10654533,10316786.0,153339
2021-01-24,India,10667736,10330084.0,153470
2021-01-25,India,10676838,10345985.0,153587
2021-01-26,India,10689527,10359305.0,153724
2021-01-27,India,10701193,10373606.0,153847
2021-01-28,India,10720048,10394352.0,154010
2021-01-29,India,10733130,10409146.0,154147
2021-01-30,India,10746174,10423109.0,154274
2021-01-31,India,10757610,10434983.0,154392
2021-02-01,India,10766245,10448406.0,154486
2021-02-02,India,10777284,10462631.0,154596
2021-02-03,India,10790183,10480455.0,154703
2021-02-04,India,10802591,10496308.0,154823
2021-02-05,India,10814304,10510796.0,154918
2021-02-06,India,10826363,10522601.0,154996
2021-02-07,India,10838194,10534505.0,155080
2021-02-08,India,10847304,10548521.0,155158
2021-02-09,India,10858371,10561608.0,155252
2021-02-10,India,10871294,10573372.0,155360
2021-02-11,India,10880603,10589230.0,155447
2021-02-12,India,10892746,10600625.0,155550
2021-02-13,India,10904940,10611731.0,155642
2021-02-14,India,10916589,10621220.0,155732
2021-02-15,India,10925710,10633025.0,155813
2021-02-16,India,10937320,10644858.0,155913
2021-02-17,India,10950201,10656845.0,156014
2021-02-18,India,10963394,10667741.0,156111
2021-02-19,India,10977387,10678048.0,156212
2021-02-20,India,10991651,10689715.0,156302
2021-02-21,India,11005850,10699410.0,156385
2021-02-22,India,11016434,10712665.0,156463
2021-02-23,India,11030176,10726702.0,156567
2021-02-24,India,11046914,10738501.0,156705
2021-02-25,India,11063491,10750680.0,156825
2021-02-26,India,11079979,10763451.0,156938
2021-02-27,India,11096731,10775169.0,157051
2021-02-28,India,11112241,10786452.0,157157
2021-03-01,India,11124527,10798921.0,157248
2021-03-02,India,11139516,10812044.0,157346
2021-03-03,India,11156923,10826075.0,157435
2021-03-04,India,11173761,10839894.0,157548
2021-03-05,India,11192045,10854126.0,157656
2021-03-06,India,11210799,10868520.0,157756
2021-03-07,India,11229398,10882798.0,157853
2021-03-08,India,11244786,10899394.0,157930
2021-03-09,India,11262707,10920046.0,158063
2021-03-10,India,11285561,10938146.0,158189
2021-03-11,India,11308846,10953303.0,158306
2021-03-12,India,11333728,10973260.0,158446
2021-03-13,India,11359048,10989897.0,158607
2021-03-14,India,11385339,11007352.0,158725
2021-03-15,India,11409831,11027543.0,158856
2021-03-16,India,11438734,11045284.0,159044
2021-03-17,India,11474605,11063025.0,159216
2021-03-18,India,11514331,11083679.0,159370
2021-03-19,India,11555284,11107332.0,159558
2021-03-20,India,11599130,11130288.0,159755
2021-03-21,India,11646081,11151468.0,159967
2021-03-22,India,11686796,11181253.0,160166
2021-03-23,India,11734058,11205160.0,160441
2021-03-24,India,11787534,11231650.0,160692
2021-03-25,India,11846652,11264637.0,160949
2021-03-26,India,11908910,11295023.0,161240
2021-03-27,India,11971624,11323762.0,161552
2021-03-28,India,12039644,11355993.0,161843
2021-03-29,India,12095855,11393021.0,162114
2021-03-30,India,12149335,11434301.0,162468
2021-03-31,India,12221665,11474683.0,162927
2021-04-01,India,12303131,11525039.0,163396
2021-04-02,India,12392260,11569241.0,164110
2021-04-03,India,12485509,11629289.0,164623
2021-04-04,India,12589067,11682136.0,165101
2021-04-05,India,12686049,11732279.0,165547
2021-04-06,India,12801785,11792135.0,166177
2021-04-07,India,12928574,11851393.0,166862
2021-04-08,India,13060542,11913292.0,167642
2021-04-09,India,13205926,11990859.0,168436
2021-04-10,India,13358805,12081443.0,169275
2021-04-11,India,13527717,12156529.0,170179
2021-04-12,India,13689453,12253697.0,171058
2021-04-13,India,13873825,12336036.0,172085
2021-04-14,India,14074564,12429564.0,173123
2021-04-15,India,14291917,12547866.0,174308
2021-04-16,India,14526609,12671220.0,175649
2021-04-17,India,14788003,12809638.0,177150
2021-04-18,India,15061805,12953817.0,178769
2021-04-19,India,15320972,13108565.0,180530
2021-04-20,India,15616130,13276039.0,182553
2021-04-21,India,15930774,13454880.0,184657
2021-04-22,India,16263695,13648159.0,186920
2021-04-23,India,16610481,13867997.0,189544
2021-04-24,India,16960172,14085110.0,192311
2021-04-25,India,17313163,14304382.0,195123
2021-04-26,India,17636186,14556089.0,197894
2021-04-27,India,17997113,14817240.0,201187
2021-04-28,India,18376421,15086740.0,204832
2021-04-29,India,18762976,15384418.0,208330
2021-04-30,India,19164969,15684406.0,211853
2021-05-01,India,19557457,15992271.0,215542
2021-05-02,India,19925517,16292725.0,218959
2021-05-03,India,20282833,16613292.0,222408
2021-05-04,India,20664979,16951521.0,226188
2021-05-05,India,21077410,17280844.0,230168
2021-05-06,India,21491598,17612351.0,234083
2021-05-07,India,21892676,17930960.0,238270
2021-05-08,India,22296081,18317364.0,242347
2021-05-09,India,22662575,18671222.0,246116
2021-05-10,India,22992517,19027304.0,249992
2021-05-11,India,23340938,19382642.0,254197
2021-05-12,India,23703665,19734823.0,258317
2021-05-13,India,24046809,20079599.0,262317
2021-05-14,India,24372907,20432898.0,266207
2021-05-15,India,24684077,20795335.0,270284
2021-05-16,India,24965463,21174076.0,274390
2021-05-17,India,25228996,21596512.0,278719
2021-05-18,India,25496330,21986363.0,283248
2021-05-19,India,25772440,22355440.0,287122
2021-05-20,India,26031991,22712735.0,291331
2021-05-21,India,26289290,23070365.0,295525
2021-05-22,India,26530132,23425467.0,299266
2021-05-23,India,26752447,23728011.0,303720
2021-05-24,India,26948874,24054861.0,307231
2021-05-25,India,27157795,24350816.0,311388
2021-05-26,India,27369093,24633951.0,315235
2021-05-27,India,27555457,24893410.0,318895
2021-05-28,India,27729247,25178011.0,322512
2021-05-29,India,27894800,25454320.0,325972
2021-05-30,India,28047534,25692342.0,329100
2021-05-31,India,28175044,25947629.0,331895
2021-06-01,India,28307832,26179085.0,335102
2021-06-02,India,28441986,26390584.0,337989
2021-06-03,India,28574350,26597655.0,340702
2021-06-04,India,28694879,26795549.0,344082
2021-06-05,India,28809339,26984781.0,346759
2021-06-06,India,28909975,27159180.0,349186
2021-06-07,India,28996473,27341462.0,351309
2021-06-08,India,29089069,27504126.0,353528
2021-06-09,India,29182532,27655493.0,355705
2021-06-10,India,29274823,27790073.0,363079
2021-06-11,India,29359155,27911384.0,367081
2021-06-12,India,29439989,28043446.0,370384
2021-06-13,India,29510410,28162947.0,374305
2021-06-14,India,29570881,28280472.0,377031
2021-06-15,India,29633105,28388100.0,379573
2021-06-16,India,29700313,28491670.0,381903
2021-06-17,India,29762793,28580647.0,383490
2021-06-18,India,29823546,28678390.0,385137
2021-06-19,India,29881772,28765738.0,386708
2021-06-20,India,29935221,28844199.0,388135
2021-06-21,India,29977861,28926038.0,389302
2021-06-22,India,30028709,28994855.0,390660
2021-06-23,India,30082778,29063740.0,391981
2021-06-24,India,30134445,29128267.0,393310
2021-06-25,India,30183143,29193085.0,394493
2021-06-26,India,30233183,29251029.0,395751
2021-06-27,India,30279331,29309607.0,396730
2021-06-28,India,30316897,29366601.0,397637
2021-06-29,India,30362848,29427330.0,398454
2021-06-30,India,30411634,29488918.0,399459
2021-07-01,India,30458251,29548302.0,400312
2021-07-02,India,30502362,29605779.0,401050
2021-07-03,India,30545433,29658078.0,402005
2021-07-04,India,30585229,29700430.0,402728
2021-07-05,India,30619932,29752294.0,403281
2021-07-06,India,30663665,29799534.0,404211
2021-07-07,India,30709557,29843825.0,405028
2021-07-08,India,30752950,29888284.0,405939
2021-07-09,India,30795716,29933538.0,407145
2021-07-10,India,30837222,29975064.0,408040
2021-07-11,India,30874376,30014713.0,408764
2021-07-12,India,30907282,30063720.0,410784
2021-07-13,India,30946147,30104659.0,411406
2021-07-14,India,30987880,30143850.0,411989
2021-07-15,India,31026829,30183876.0,412531
2021-07-16,India,31064908,30227792.0,413091
2021-07-17,India,31106065,30269796.0,413609
2021-07-18,India,31144229,30308456.0,414108
2021-07-19,India,31174322,30353710.0,414482
2021-07-20,India,31216337,30390687.0,418480
2021-07-21,India,31257720,30429339.0,418987
2021-07-22,India,31293062,30468079.0,419470
2021-07-23,India,31332159,30468079.0,420016
2021-07-24,India,31371901,30543138.0,420551
2021-07-25,India,31411262,30579106.0,420967
2021-07-26,India,31440951,30621469.0,421382
2021-07-27,India,31484605,30663147.0,422022
2021-07-28,India,31528114,30701612.0,422662
2021-07-29,India,31572344,30743972.0,423217
2021-07-30,India,31613993,30781263.0,423810
2021-07-31,India,31655824,30820521.0,424351
2021-08-01,India,31695958,30857467.0,424773
2021-08-02,India,31726507,30896354.0,425195
2021-08-03,India,31769132,30933022.0,425757
2021-08-04,India,31812114,30974748.0,426290
2021-08-05,India,31856757,0.0,426754
2021-08-06,India,31895385,0.0,427371
2021-08-07,India,31934455,0.0,427862
2021-08-08,India,31969954,0.0,428309
2021-08-09,India,31998158,0.0,428682
2021-08-10,India,32036511,0.0,429179
2021-08-11,India,32077706,0.0,429669
2021-08-12,India,32117826,0.0,430254
2021-08-13,India,32156493,0.0,430732
2021-08-14,India,32192576,0.0,431225
2021-08-15,India,32225513,0.0,431642
2021-08-16,India,32250679,0.0,432079
2021-08-17,India,32285857,0.0,432519
2021-08-18,India,32322258,0.0,433049
2021-08-19,India,32358829,0.0,433589
2021-08-20,India,32393286,0.0,433964
2021-08-21,India,32424234,0.0,434367
2021-08-22,India,32449306,0.0,434756
2021-08-23,India,32474773,0.0,435110
2021-08-24,India,32512366,0.0,435758
2021-08-25,India,32558530,0.0,436365
2021-08-26,India,32603188,0.0,436861
2021-08-27,India,32649947,0.0,437370
2021-08-28,India,32695030,0.0,437830
2021-08-29,India,32737939,0.0,438210
2021-08-30,India,32768880,0.0,438560
2021-08-31,India,32810845,0.0,439020
2021-09-01,India,32857937,0.0,439529
2021-09-02,India,32903289,0.0,439895
2021-09-03,India,32945907,0.0,440225
2021-09-04,India,32988673,0.0,440533
2021-09-05,India,33027621,0.0,440752
2021-09-06,India,33058843,0.0,441042
2021-09-07,India,33096718,0.0,441411
2021-09-08,India,33139981,0.0,441749
2021-09-09,India,33174954,0.0,442009
2021-09-10,India,33208330,0.0,442317
2021-09-11,India,33236921,0.0,442655
2021-09-12,India,33264175,0.0,442874
2021-09-13,India,33289579,0.0,443213
2021-09-14,India,33316755,0.0,443497
2021-09-15,India,33347325,0.0,443928
2021-09-16,India,33381728,0.0,444248
2021-09-17,India,33417390,0.0,444529
2021-09-18,India,33448163,0.0,444838
2021-09-19,India,33478419,0.0,445133
2021-09-20,India,33504534,0.0,445385
2021-09-21,India,33531498,0.0,445768
2021-09-22,India,33563421,0.0,446050
2021-09-23,India,33594803,0.0,446368
2021-09-24,India,33624419,0.0,446658
2021-09-25,India,33652745,0.0,446918
2021-09-26,India,33678786,0.0,447194
2021-09-27,India,33697581,0.0,447373
2021-09-28,India,33716451,0.0,447751
2021-09-29,India,33739980,0.0,448062
2021-09-30,India,33766707,0.0,448339
2021-10-01,India,33791061,0.0,448573
2021-10-02,India,33813903,0.0,448817
2021-10-03,India,33834702,0.0,448997
2021-10-04,India,33853048,0.0,449260
2021-10-05,India,33871881,0.0,449538
2021-10-06,India,33894312,0.0,449856
2021-10-07,India,33915569,0.0,450127
2021-10-08,India,33935309,0.0,450375
2021-10-09,India,33953475,0.0,450589
2021-10-10,India,33971607,0.0,450782
2021-10-11,India,33985920,0.0,450963
2021-10-12,India,34001743,0.0,451189
2021-10-13,India,34020730,0.0,451435
2021-10-14,India,34037592,0.0,451814
2021-10-15,India,34053573,0.0,451980
2021-10-16,India,34067719,0.0,452124
2021-10-17,India,34081315,0.0,452290
2021-10-18,India,34094373,0.0,452454
2021-10-19,India,34108996,0.0,452651
2021-10-20,India,34127450,0.0,452811
2021-10-21,India,34143236,0.0,453042
2021-10-22,India,34159562,0.0,453708
2021-10-23,India,34175468,0.0,454269
2021-10-24,India,34189774,0.0,454712
2021-10-25,India,34202202,0.0,455068
2021-10-26,India,34215653,0.0,455653
2021-10-27,India,34231809,0.0,456386
2021-10-28,India,34246157,0.0,457191
2021-10-29,India,34260470,0.0,457740
2021-10-30,India,34273300,0.0,458186
2021-10-31,India,34285814,0.0,458437
2021-11-01,India,34296237,0.0,458880
2021-11-02,India,34308140,0.0,459191
2021-11-03,India,34321025,0.0,459652
2021-11-04,India,34333754,0.0,459873
2021-11-05,India,34344683,0.0,460265
2021-11-06,India,34355509,0.0,460791
2021-11-07,India,34366987,0.0,461057
2021-11-08,India,34377113,0.0,461389
2021-11-09,India,34388579,0.0,461849
2021-11-10,India,34401670,0.0,462189
2021-11-11,India,34414186,0.0,462690
2021-11-12,India,34426036,0.0,463245
2021-11-13,India,34437307,0.0,463530
2021-11-14,India,34447536,0.0,463655
2021-11-15,India,34456401,0.0,463852
2021-11-16,India,34466598,0.0,464153
2021-11-17,India,34478517,0.0,464623
2021-11-18,India,34489623,0.0,465082
2021-11-19,India,34499925,0.0,465349
2021-11-20,India,34510413,0.0,465662
2021-11-21,India,34518901,0.0,465911
2021-11-22,India,34526480,0.0,466147
2021-11-23,India,34535763,0.0,466584
2021-11-24,India,34544882,0.0,466980
2021-11-25,India,34555431,0.0,467468
2021-11-26,India,34563749,0.0,467933
2021-11-27,India,34572523,0.0,468554
2021-11-28,India,34580832,0.0,468790
2021-11-29,India,34587822,0.0,468980
2021-11-30,India,34596776,0.0,469247
2021-12-01,India,34606541,0.0,469724
2021-12-02,India,34615757,0.0,470115
2021-12-03,India,34624360,0.0,470530
2021-12-04,India,34624360,0.0,470530
2021-12-05,India,34641561,0.0,473537
2021-12-06,India,34648383,0.0,473757
2021-12-07,India,34656822,0.0,473952
2021-12-08,India,34666241,0.0,474111
2021-12-09,India,34674643,0.0,474479
2021-12-10,India,34682633,0.0,474872
2021-12-11,India,34690510,0.0,475434
2021-12-12,India,34697860,0.0,475636
2021-12-13,India,34703644,0.0,475888
2021-12-14,India,34710628,0.0,476135
2021-12-15,India,34718602,0.0,476478
2021-12-16,India,34726049,0.0,476869
2021-12-17,India,34726049,0.0,476869
2021-12-18,India,34733194,0.0,477158
2021-12-19,India,34746838,0.0,477554
2021-12-20,India,34752164,0.0,478007
2021-12-21,India,34758481,0.0,478325
2021-12-22,India,34765976,0.0,478759
2021-12-23,India,34772626,0.0,479133
2021-12-24,India,34779815,0.0,479520
2021-12-25,India,34786802,0.0,479682
2021-12-26,India,34793333,0.0,479997
2021-12-27,India,34799691,0.0,480290
2021-12-28,India,34808886,0.0,480592
2021-12-29,India,34822040,0.0,480860
2021-12-30,India,34838804,0.0,481080
2021-12-31,India,34861579,0.0,481486
2022-01-01,India,34889132,0.0,481770
2022-01-02,India,34922882,0.0,481893
2022-01-03,India,34960261,0.0,482017
2022-01-04,India,35018358,0.0,482551
2022-01-05,India,35109286,0.0,482876
2022-01-06,India,35226386,0.0,483178
2022-01-07,India,35368372,0.0,483463
2022-01-08,India,35528004,0.0,483790
2022-01-09,India,35707727,0.0,483936
2022-01-10,India,35875790,0.0,484213
2022-01-11,India,36070510,0.0,484655
2022-01-12,India,36317927,0.0,485035
2022-01-13,India,36582129,0.0,485446
2022-01-14,India,36850962,0.0,485752
2022-01-15,India,37122164,0.0,486066
2022-01-16,India,37380253,0.0,486451
2022-01-17,India,37618271,0.0,486761
2022-01-18,India,37901241,0.0,487202
2022-01-19,India,38218773,0.0,487693
2022-01-20,India,38566027,0.0,488396
2022-01-21,India,38903731,0.0,488884
2022-01-22,India,39237264,0.0,489409
2022-01-23,India,39543328,0.0,489848
2022-01-24,India,39799202,0.0,490462
2022-01-25,India,40085116,0.0,491127
2022-01-26,India,40371500,0.0,491700
2022-01-27,India,40622709,0.0,492327
2022-01-28,India,40858241,0.0,493198
2022-01-29,India,41092522,0.0,494091
2022-01-30,India,41302440,0.0,495050
2022-01-31,India,41469499,0.0,496242
2022-02-01,India,41630885,0.0,497975
2022-02-02,India,41803318,0.0,498983
2022-02-03,India,41952712,0.0,500055
2022-02-04,India,42080664,0.0,501114
2022-02-05,India,42188138,0.0,501979
2022-02-06,India,42272014,0.0,502874
2022-02-07,India,42339611,0.0,504062
2022-02-08,India,42410976,0.0,505279
2022-02-09,India,42478060,0.0,506520
2022-02-10,India,42536137,0.0,507177
2022-02-11,India,42586544,0.0,507981
2022-02-12,India,42631421,0.0,508665
2022-02-13,India,42665534,0.0,509011
2022-02-14,India,42692943,0.0,509358
2022-02-15,India,42723558,0.0,509872
2022-02-16,India,42754315,0.0,510413
2022-02-17,India,42780235,0.0,510905
2022-02-18,India,42802505,0.0,511230
2022-02-19,India,42822473,0.0,511903
2022-02-20,India,42838524,0.0,512109
2022-02-21,India,42851929,0.0,512344
2022-02-22,India,42867031,0.0,512622
2022-02-23,India,42881179,0.0,512924
2022-02-24,India,42894345,0.0,513226
2022-02-25,India,42905844,0.0,513481
2022-02-26,India,42916117,0.0,513724
2022-02-27,India,42924130,0.0,513843
2022-02-28,India,42931045,0.0,514023
2022-03-01,India,42938599,0.0,514246
2022-03-02,India,42945160,0.0,514388
2022-03-03,India,42951556,0.0,514589
2022-03-04,India,42957477,0.0,514878
2022-03-05,India,42962953,0.0,515036
2022-03-06,India,42967315,0.0,515102
2022-03-07,India,42971308,0.0,515210
2022-03-08,India,42975883,0.0,515355
2022-03-09,India,42980067,0.0,515459
2022-03-10,India,42984261,0.0,515714
2022-03-11,India,42987875,0.0,515803
2022-03-12,India,42990991,0.0,515850
2022-03-13,India,42993494,0.0,515877
2022-03-14,India,42996062,0.0,515974
2022-03-15,India,42998938,0.0,516072
2022-03-16,India,43001477,0.0,516132
2022-03-17,India,43004005,0.0,516281
2022-03-18,India,43006080,0.0,516352
2022-03-19,India,43007841,0.0,516479
2022-03-20,India,43009390,0.0,516510
2022-03-21,India,43010971,0.0,516543
2022-03-22,India,43012749,0.0,516605
2022-03-23,India,43014687,0.0,516672
2022-03-24,India,43016372,0.0,516755
2022-03-25,India,43018032,0.0,520855
2022-03-26,India,43019453,0.0,521004
2022-03-27,India,43020723,0.0,521035
2022-03-28,India,43021982,0.0,521070
2022-03-29,India,43023215,0.0,521101
2022-03-30,India,43024440,0.0,521129
2022-03-31,India,43025775,0.0,521181
2022-04-01,India,43027035,0.0,521264
2022-04-02,India,43028131,0.0,521345
2022-04-03,India,43029044,0.0,521358
2022-04-04,India,43029839,0.0,521416
2022-04-05,India,43030925,0.0,521487
2022-04-06,India,43031958,0.0,521530
2022-04-07,India,43033067,0.0,521573
2022-04-08,India,43034217,0.0,521656
2022-04-09,India,43035271,0.0,521685
2022-04-10,India,43036132,0.0,521691
2022-04-11,India,43036928,0.0,521710
2022-04-12,India,43038016,0.0,521736
2022-04-13,India,43039023,0.0,521737
2022-04-14,India,43039972,0.0,521743
2022-04-15,India,43040947,0.0,521747
2022-04-16,India,43042097,0.0,521751
